{
    "circle": {
        "location": [
            606.7713623046875,
            58.17940902709961
        ],
        "color": [
            0.8685692548751831,
            0.5159566402435303,
            0.7111349701881409
        ],
        "direction": [
            0.3062305152416229,
            -0.23529472947120667
        ],
        "radius": 16.254772186279298,
        "rogue": true
    },
    "circle": {
        "location": [
            570.3267822265625,
            310.9823913574219
        ],
        "color": [
            0.721587598323822,
            0.8176459074020386,
            0.3646185100078583
        ],
        "direction": [
            1.0265415906906129,
            2.48537278175354
        ],
        "radius": 57.74907684326172,
        "rogue": true
    },
    "circle": {
        "location": [
            553.8901977539063,
            249.16903686523438
        ],
        "color": [
            0.7293859124183655,
            0.7157891392707825,
            0.723518967628479
        ],
        "direction": [
            -1.4128813743591309,
            -2.0257997512817385
        ],
        "radius": 26.49573516845703,
        "rogue": true
    },
    "square": {
        "location": [
            129.02395629882813,
            329.397216796875
        ],
        "color": [
            0.9581401944160461,
            0.7108093500137329,
            0.8762723803520203
        ],
        "direction": [
            -2.0697200298309328,
            2.075343370437622
        ],
        "size": 93.97903442382813,
        "rogue": true
    },
    "square": {
        "location": [
            400.2203369140625,
            84.10279846191406
        ],
        "color": [
            0.4617779850959778,
            0.14178554713726045,
            0.7413397431373596
        ],
        "direction": [
            1.3236151933670045,
            -1.9992178678512574
        ],
        "size": 55.907371520996097,
        "rogue": true
    },
    "square": {
        "location": [
            402.3798828125,
            360.1767578125
        ],
        "color": [
            0.8712672591209412,
            0.2865675687789917,
            0.9761074781417847
        ],
        "direction": [
            -0.848548412322998,
            -0.8860327005386353
        ],
        "size": 69.68711853027344,
        "rogue": true
    },
    "square": {
        "location": [
            325.9921875,
            342.2335205078125
        ],
        "color": [
            0.7649468183517456,
            0.8244998455047607,
            0.1306784600019455
        ],
        "direction": [
            1.3124433755874634,
            -1.883226990699768
        ],
        "size": 36.448280334472659,
        "rogue": true
    },
    "square": {
        "location": [
            474.339599609375,
            185.1520538330078
        ],
        "color": [
            0.5384736657142639,
            0.3898178040981293,
            0.08920153230428696
        ],
        "direction": [
            0.30358290672302248,
            -0.15437087416648866
        ],
        "size": 89.15612030029297,
        "rogue": true
    }
}